account,description,curr,debit,credit,net,clause
772001001-A7744-MIS000,"Light and Heat Expense SGA (Electricity)",IDR,2.25,0.00,2.25,A
760101000-A7744-MIS000,"Salary(Full-time) SGA",IDR,0.93,0.00,0.93,A
760104000-A7744-MIS000,"Benefits-Employer's portion SGA",IDR,0.00,0.00,-0.00,A
760104000-A7744-MIS000,"Benefits-Employer's portion SGA",IDR,2.49,0.00,2.49,A
760103000-A7744-MIS000,"Overtime Hours(Full-time) SGA",IDR,1.93,0.00,1.93,A
760104000-A7744-MIS000,"Benefits-Employer's portion SGA",IDR,2.31,0.00,2.31,A
772202000-A7744-MIS000,"Communication Expense(IT) SGA",IDR,2.72,0.00,2.72,A
771502000-A7744-MIS000,"Handling Charge and Professional Fee(IT) SGA",IDR,2.82,0.00,2.82,A
772001001-A7744-MIS000,"Light and Heat Expense SGA (Electricity)",IDR,0.00,0.03,-0.03,A
770701000-A7744-MIS000,"Subcontract Expense(IT)-G SGA",USD,33925.00,0.00,33925.00,A
770701000-A7744-MIS000,"Subcontract Expense(IT)-G SGA",USD,31668.00,0.00,31668.00,A
770701000-A7744-MIS000,"Subcontract Expense(IT)-G SGA",USD,24094.00,0.00,24094.00,A
770701000-A7744-MIS000,"Subcontract Expense(IT)-G SGA",USD,22075.00,0.00,22075.00,A
770701000-A7744-MIS000,"Subcontract Expense(IT)-G SGA",USD,7107.00,0.00,7107.00,A
770701000-A7744-MIS000,"Subcontract Expense(IT)-G SGA",USD,9201.00,0.00,9201.00,A
770701000-A7744-MIS000,"Subcontract Expense(IT)-G SGA",USD,44960.00,0.00,44960.00,A
770701000-A7744-MIS000,"Subcontract Expense(IT)-G SGA",USD,37710.00,0.00,37710.00,A
771199000-A7744-MIS000,"Subcontract Expense(Other)-G SGA",USD,20513.00,0.00,20513.00,A
772404000-A7744-MIS000,"Welfare Expense SGA",IDR,2.73,0.00,2.73,A
772404000-A7744,"Welfare Expense SGA",IDR,0.00,0.89,-0.89,B
772404000-A7744,"Welfare Expense SGA",IDR,0.00,0.00,-0.00,B
772404000-A7744,"Welfare Expense SGA",IDR,0.00,0.59,-0.59,B
772404000-A7744,"Welfare Expense SGA",IDR,0.00,0.06,-0.06,B
771501000-A7744-MIS000,"Handling Charge and Professional Fee SGA",IDR,2.59,0.00,2.59,A
771501000-A7744,"Handling Charge and Professional Fee SGA",IDR,0.00,0.11,-0.11,B
770107001-A7744-MIS000,"Depreciation of Fixture and Fitting SGA",USD,43846.00,0.00,43846.00,A
770102000-A7744-MIS000,"Depreciation of Machinery SGA",USD,25990.00,0.00,25990.00,A
770107001-A7744-MIS000,"Depreciation of Fixture and Fitting SGA",USD,16821.00,0.00,16821.00,A
770107001-A7744-MIS000,"Depreciation of Fixture and Fitting SGA",USD,1565.00,0.00,1565.00,A
770107001-A7744-MIS000,"Depreciation of Fixture and Fitting SGA",USD,40292.00,0.00,40292.00,A
770107001-A7744-MIS000,"Depreciation of Fixture and Fitting SGA",USD,11473.00,0.00,11473.00,A
770107001-A7744-MIS000,"Depreciation of Fixture and Fitting SGA",USD,25565.00,0.00,25565.00,A
760102000-A7744-MIS000,"Bonus(Full-time) SGA",USD,23640.00,0.00,23640.00,A
760106000-A7744-MIS000,"Cost of Retirement Benefit SGA",USD,45077.00,0.00,45077.00,A
760102001-A7744-MIS000,"THR (Full-time) SGA",USD,44905.00,0.00,44905.00,A
760104000-A7744-MIS000,"Benefits-Employer's portion SGA",IDR,1.56,0.00,1.56,A
760101000-A7744-MIS000,"Salary(Full-time) SGA",IDR,0.69,0.00,0.69,A
760104000-A7744-MIS000,"Benefits-Employer's portion SGA",IDR,2.70,0.00,2.70,A
772404000-A7744,"Welfare Expense SGA",IDR,2.24,0.00,2.24,B
772404000-A7744,"Welfare Expense SGA",IDR,0.52,0.00,0.52,B
772404000-A7744,"Welfare Expense SGA",IDR,2.20,0.00,2.20,B
772404000-A7744,"Welfare Expense SGA",IDR,2.40,0.00,2.40,B
760104000-A7744-MIS000,"Benefits-Employer's portion SGA",IDR,0.06,0.00,0.06,A
772404000-A7744-MIS000,"Welfare Expense SGA",IDR,1.87,0.00,1.87,A
772404000-A7744-MIS000,"Welfare Expense SGA",IDR,0.36,0.00,0.36,A
772404000-A7744-MIS000,"Welfare Expense SGA",IDR,2.81,0.00,2.81,A
772404000-A7744-MIS000,"Welfare Expense SGA",IDR,0.74,0.00,0.74,A
772404000-A7744-MIS000,"Welfare Expense SGA",IDR,1.73,0.00,1.73,A
771501000-A7744,"Handling Charge and Professional Fee SGA",IDR,1.81,0.00,1.81,B
772001002-A7744-MIS000,"Utility Cost SGA (Other)",IDR,1.22,0.00,1.22,A
772001001-A7744-MIS000,"Light and Heat Expense SGA (Electricity)",IDR,1.40,0.00,1.40,A
772403000-A7744-MIS000,"Office Supply SGA",IDR,2.06,0.00,2.06,A
772201000-A7744-MIS000,"Communication Line Expense SGA",IDR,0.00,0.00,-0.00,A
770701000-A7744-MIS000,"Subcontract Expense(IT)-G SGA",USD,0.00,13839.10,-13839.10,A
772201000-A7744-MIS000,"Communication Line Expense SGA",IDR,0.80,0.00,0.80,A
771502000-A7744-MIS000,"Handling Charge and Professional Fee(IT) SGA",IDR,0.00,0.02,-0.02,A
760102001-A7744-MIS000,"THR (Full-time) SGA",USD,0.00,370.97,-370.97,A
771199000-A7744-MIS000,"Subcontract Expense(Other)-G SGA",USD,0.00,110.72,-110.72,A
772201000-A7744-MIS000,"Communication Line Expense SGA",IDR,1.82,0.00,1.82,A
760104000-A7744-MIS000,"Benefits-Employer's portion SGA",IDR,0.00,0.09,-0.09,A
760101000-A7744-MIS000,"Salary(Full-time) SGA",IDR,0.00,0.32,-0.32,A
770107001-A7744-MIS000,"Depreciation of Fixture and Fitting SGA",USD,0.00,5514.79,-5514.79,A
772202000-A7744-MIS000,"Communication Expense(IT) SGA",IDR,0.00,0.00,-0.00,A
772001001-A7744-MIS000,"Light and Heat Expense SGA (Electricity)",IDR,0.00,0.01,-0.01,A
772001002-A7744-MIS000,"Utility Cost SGA (Other)",IDR,0.00,0.00,-0.00,A
772404000-A7744-MIS000,"Welfare Expense SGA",IDR,0.98,0.00,0.98,A
760103000-A7744-MIS000,"Overtime Hours(Full-time) SGA",IDR,0.00,0.00,-0.00,A
770102000-A7744-MIS000,"Depreciation of Machinery SGA",USD,0.00,99.45,-99.45,A
771501000-A7744-MIS000,"Handling Charge and Professional Fee SGA",IDR,0.00,0.00,-0.00,A
772403000-A7744-MIS000,"Office Supply SGA",IDR,0.00,0.00,-0.00,A
772404000-A7744-MIS000,"Welfare Expense SGA",IDR,0.00,0.02,-0.02,A
760102000-A7744-MIS000,"Bonus(Full-time) SGA",USD,0.00,1017.75,-1017.75,A
760106000-A7744-MIS000,"Cost of Retirement Benefit SGA",USD,0.00,541.64,-541.64,A
